,pid,age,gender,session_no
0,l2v6d5pn,21.0,0.0,1
1,kwzxsgi9,22.0,0.0,1
2,ldr6faci,33.0,0.0,1
3,al4lwb89,25.0,0.0,1
4,dn4poo0a,27.0,0.0,1
5,zxwdjba1,21.0,0.0,1
6,lcqs4qj4,21.0,1.0,1
7,tllzajsm,24.0,1.0,1
8,67flumth,20.0,1.0,1
9,ea60h48j,24.0,1.0,1
10,ix7asj0v,22.0,0.0,1
11,8ecp5lea,22.0,0.0,1
12,j0ypmnp8,27.0,1.0,1
13,a0fnnv8n,23.0,0.0,1
14,lu0fobgr,22.0,0.0,1
15,0sop0jc2,28.0,1.0,1
16,3897oly7,24.0,1.0,1
17,35nvp0ot,21.0,0.0,1
18,hbe6k6rw,30.0,1.0,1
19,k7z30bj9,20.0,1.0,1
20,icg1dove,22.0,0.0,1
21,pybpsxur,22.0,0.0,1
22,2t7yuhwz,22.0,0.0,1
23,sgrb8j3x,24.0,0.0,1
24,r8mg7oiu,25.0,1.0,1
25,pn8jwehg,33.0,0.0,1
26,mapsb6p5,21.0,0.0,1
27,yaquwi4i,22.0,0.0,1
28,bzf9xp73,21.0,0.0,1
29,8w0zj73o,22.0,1.0,1
30,hd3901uj,25.0,1.0,1
31,uie4dlxc,25.0,0.0,1
32,mnsrkohg,21.0,1.0,2
33,r6w3ywrr,28.0,0.0,2
34,s103u7v6,25.0,0.0,2
35,b006wz48,24.0,0.0,2
36,d7bbu3cd,20.0,0.0,2
37,wqt1qrj0,30.0,0.0,2
38,qs6tdm0l,22.0,1.0,2
39,ibqnb10j,24.0,0.0,2
40,hixi0v5r,21.0,1.0,2
41,bz8ywtpi,20.0,1.0,2
42,serwltcs,23.0,1.0,2
43,ocq73o6k,20.0,1.0,2
44,k8suok3m,23.0,0.0,2
45,8hf7ikjl,32.0,1.0,2
46,jbq3gcxg,22.0,1.0,2
47,hd2gf3u9,22.0,0.0,2
48,srd335b3,22.0,0.0,2
49,s7g4ho8w,20.0,0.0,2
50,5r58cej8,24.0,0.0,2
51,w9xyp5yw,21.0,0.0,2
52,6h7asdti,22.0,0.0,2
53,601xo57e,22.0,0.0,2
54,9fm4grk0,22.0,0.0,2
55,4mlty9a6,26.0,1.0,2
56,ppj29f0e,21.0,1.0,2
57,k15ti2rc,21.0,0.0,2
58,gfdp6kmk,23.0,1.0,2
59,si05j47t,24.0,1.0,2
60,euhuyo67,20.0,0.0,2
61,mix52it6,22.0,0.0,3
62,t8o61lhm,21.0,0.0,3
63,renhbcz0,24.0,0.0,3
64,sepweofh,23.0,0.0,3
65,y7c2b2je,27.0,1.0,3
66,fnin5w7t,23.0,1.0,3
67,y8a8ao86,23.0,1.0,3
68,4iup4ajx,23.0,1.0,3
69,nuihpjps,23.0,0.0,3
70,vydks81u,22.0,0.0,3
71,takj3dcb,25.0,0.0,3
72,hnhjzpzd,25.0,0.0,3
73,n5rpjgkg,23.0,0.0,3
74,hrclv9vr,23.0,0.0,3
75,ubqozlxw,24.0,0.0,3
76,5ma8omw0,24.0,0.0,3
77,kxtlqutw,22.0,0.0,3
78,yngzrat6,24.0,0.0,3
79,9t5vb97y,35.0,0.0,3
80,g30ffh4k,25.0,0.0,3
81,abfw8kjx,22.0,1.0,3
82,e96hsfgq,22.0,1.0,3
83,e7ifk76z,23.0,0.0,3
84,dwyv0aq8,22.0,1.0,3
85,vjyae8h6,23.0,0.0,3
86,phpc7m0k,22.0,0.0,3
87,fnjimj77,23.0,1.0,3
88,f1ue80nk,24.0,1.0,3
89,fj6xs333,27.0,1.0,3
90,m3pojuk8,23.0,0.0,3
91,3zsyukn3,21.0,0.0,3
92,qkq58cdu,25.0,1.0,3
93,31a6y2jx,21.0,1.0,4
94,pkd9n2qd,20.0,1.0,4
95,dbkt5kbw,23.0,0.0,4
96,cpgpwm41,23.0,0.0,4
97,rk7awa0d,21.0,1.0,4
98,7wx0ope8,20.0,0.0,4
99,a5wb4eiy,20.0,1.0,4
100,yxy8zqfs,21.0,0.0,4
101,980x6yqi,20.0,0.0,4
102,xmqz5c90,26.0,0.0,4
103,vqvntk5j,24.0,3.0,4
104,deabwv4d,21.0,0.0,4
105,go8k2m1i,24.0,0.0,4
106,uz9vm6ix,24.0,1.0,4
107,tcg5tw20,21.0,1.0,4
108,8abytk8k,20.0,1.0,4
109,auf4dz8x,24.0,1.0,4
110,x4qiijxr,21.0,1.0,4
111,8mvdhv71,24.0,0.0,4
112,xxgne2bq,20.0,0.0,4
113,fitaisas,23.0,0.0,4
114,bgnpafe4,21.0,0.0,4
115,r70wehp0,22.0,0.0,4
116,t69119v4,22.0,1.0,4
117,z4hcvvmt,20.0,0.0,4
118,hus0q721,24.0,0.0,4
119,vxz4x5m1,21.0,0.0,4
120,ho4vv21y,21.0,1.0,4
121,prkfdf9r,21.0,0.0,5
122,a602c4r9,21.0,1.0,5
123,uj76kap0,24.0,0.0,5
124,xorco7s7,23.0,1.0,5
125,gcolr0pk,26.0,0.0,5
126,riyzxtiz,24.0,0.0,5
127,84ma0u1d,23.0,0.0,5
128,qo37hi2u,23.0,0.0,5
129,o9lwwky1,25.0,0.0,5
130,01wn7vov,21.0,1.0,5
131,wycgaez1,20.0,1.0,5
132,bwywl3jp,21.0,0.0,5
133,w1nfai80,22.0,0.0,5
134,kl40irrv,23.0,0.0,5
135,6apa762b,19.0,0.0,5
136,2yedoswo,20.0,1.0,5
137,p4aik5t0,22.0,0.0,5
138,uyyemhlc,22.0,1.0,5
139,pf89ioc5,23.0,0.0,5
140,0rklswat,21.0,1.0,5
141,z9givkra,20.0,1.0,5
142,gai6vj72,21.0,0.0,5
143,suy6ctdd,24.0,1.0,5
144,u4pf6gyg,34.0,1.0,5
145,ldqv8ugi,26.0,1.0,5
146,465peq6b,23.0,0.0,5
147,1f7udc6l,26.0,0.0,5
148,mde40h9b,25.0,0.0,5
149,532r7tcn,19.0,0.0,5
150,kj010s5v,26.0,0.0,5
151,367feqdn,25.0,0.0,6
152,flf7lxiu,23.0,1.0,6
153,81kmqer8,23.0,0.0,6
154,fz6nywur,23.0,0.0,6
155,kwhpp582,26.0,1.0,6
156,iwtlmgfd,19.0,0.0,6
157,l7tvj6zi,22.0,1.0,6
158,w53mwkgz,22.0,0.0,6
159,t2y7m70x,21.0,1.0,6
160,twzv3kbn,21.0,0.0,6
161,p5x192ov,20.0,1.0,6
162,t05tjip2,22.0,0.0,6
163,1ufl7yuz,25.0,0.0,6
164,riu31qew,20.0,0.0,6
165,bbp00feg,23.0,0.0,6
166,v94etbxq,18.0,1.0,6
167,9rfrwnax,20.0,0.0,6
168,cca6m2gj,28.0,1.0,6
169,y2jiumq2,25.0,1.0,6
170,xn30bszd,21.0,0.0,6
171,70r47kcp,21.0,0.0,6
172,g9eglhq6,20.0,0.0,6
173,6jalwd9t,21.0,1.0,6
174,lnjf57p1,25.0,3.0,6
175,fo9rwvc2,24.0,0.0,6
176,abfg6fd3,21.0,1.0,6
177,c9k1f068,24.0,0.0,6
178,odshmha3,21.0,1.0,6
179,rgekn4ku,23.0,1.0,6
180,n228ngh7,21.0,1.0,6
181,y76yjuql,21.0,0.0,6
